"","CountyName","avg_CO","avg_CO_rate","pct_black","pct_hispanic","count_nf","count_hosp","POP_DENSITY","urban_rural","tot_pop","Beneficiaries","DME_users_percent","hospitals_per_total_pop","nursing_facilities_per_total_pop","overall_SVI","DME"
"1","Anderson",1241.94170585057,0.0556199387482138,20.9496626881162,17.7875800034596,5,2,21.0050042,0,57810,10906,5.77663671373556,3.45960906417575e-05,8.64902266043937e-05,0.6206,630
"2","Andrews",252.662889518414,0.033860989029176,0.676424927921934,56.2818806830783,1,1,4.640261084,0,18036,2164,4.89833641404806,5.54446662231093e-05,5.54446662231093e-05,0.3794,106
"3","Angelina",4879.05949145891,0.117417164237601,14.5976958841987,22.1318797095806,8,3,42.26080356,0,87322,17478,5.39535415951482,3.43556033989144e-05,9.1614942397105e-05,0.9051,943
"4","Aransas",1963.13881630356,0.15356272971886,1.37764696263593,27.4752677622435,2,0,37.46916772,1,24462,6760,4.15680473372781,0,8.17594636579184e-05,0.5968,281
"5","Archer",285.079320893884,0.0616796857104163,0.871959614502065,8.28361633776962,0,0,3.725569374,1,8716,1324,7.70392749244713,0,0,0.004,102
"6","Armstrong",3.31444759206799,0.00356696550536205,0.253421186011151,7.55195134313229,1,0,0.837940778,1,1973,414,8.21256038647343,0,0.000506842372022301,0.0119,34
"7","Atascosa",924.521921509377,0.0444166472837939,0.27257308996931,64.3171539331287,5,1,15.68038144,1,49528,8258,3.85081133446355,2.01905992569859e-05,0.00010095299628493,0.8221,318
"8","Austin",3018.32297929307,0.199478483899993,8.73538502889397,26.841150383013,3,1,17.77585924,1,29764,7215,3.16008316008316,3.35976347265153e-05,0.000100792904179546,0.2609,228
"9","Bailey",2.20087679525076,0.000800281017806727,0.464788732394366,62.1267605633803,1,1,3.314895686,0,7100,1112,7.01438848920863,0.000140845070422535,0.000140845070422535,0.7708,78
"10","Bandera",470.758522727273,0.0418617937515775,0.693225298221922,18.7936079225748,2,0,10.84363708,1,22215,6837,3.77358490566038,0,9.00292595093405e-05,0.1818,258
"11","Bastrop",1684.43909348442,0.049198835513898,7.07153167222735,37.6848631125624,5,2,36.74167301,1,84522,16484,3.88255277845183,2.36624784079885e-05,5.91561960199711e-05,0.6126,640
"12","Baylor",89.1444759206831,0.0435161263296908,3.07520268381325,8.52669835057311,1,1,1.592067112,0,3577,983,5.08646998982706,0.000279563880346659,0.000279563880346659,0.0316,50
"13","Bee",364.346187062603,0.0329085282921846,6.83205053509552,58.8574407408543,2,1,14.3042654,0,32611,4735,5.08975712777191,3.06644997086873e-05,6.13289994173745e-05,0.9209,241
"14","Bell",11696.362619925,0.0712020374318429,21.5150871837831,24.8248578494093,15,8,128.0070387,1,348574,53037,3.72381544959179,2.29506503640547e-05,4.30324694326025e-05,0.5534,1975
"15","Bexar",48829.9918369689,0.0573204370174683,7.10384808200147,60.218614604451,66,36,607.9116551,1,1952843,296575,3.43252128466661,1.84346616701906e-05,3.37968797286827e-05,0.6957,10180
"16","Blanco",720.549035452332,0.123914159478404,0.0261369576581286,19.3761979438927,1,0,6.248388545,0,11478,3288,4.04501216545012,0,8.7123192193762e-05,0.0711,133
"17","Borden",48.8878329935831,0.160850403059424,0,13.7030995106036,0,0,0.263727821,0,613,57,19.2982456140351,0,0,0.0158,11
"18","Bosque",694.099510838945,0.0718908248116087,1.61237428946218,18.3428071709663,4,1,7.186433679,0,18296,5294,4.45787684170759,5.46567555749891e-05,0.000218627022299956,0.2648,236
"19","Bowie",51.0991501416431,0.00111998521924572,24.3839225472032,7.60176924806957,8,6,40.73608844,1,93373,19381,6.92946700376658,6.42584044638172e-05,8.56778726184229e-05,0.6245,1343
"20","Brazoria",28760.3784192423,0.176759733189242,13.6482226479648,30.626571697114,13,5,102.1500679,1,360677,54027,3.56303329816573,1.38628190874383e-05,3.60433296273397e-05,0.2134,1925
"21","Brazos",5299.86402266289,0.0498454839378026,10.2802480928868,25.5604737623385,6,6,146.8825027,1,222981,24631,3.36161747391499,2.69081222166911e-05,2.69081222166911e-05,0.3478,828
"22","Brewster",502.767705382436,0.0918551921560346,0.205828187628643,44.7730473404832,0,1,0.576365821,0,9231,2239,4.60026797677535,0.000108330625067707,0,0.3715,103
"23","Briscoe",4.58640226628895,0.00569013900148752,0.823610157858614,35.621139327385,0,0,0.625056019,0,1457,393,8.3969465648855,0,0,0.166,33
"24","Brooks",217.178277377567,0.0765116815218123,0,93.0681977314102,1,0,2.922714027,0,7141,1582,4.42477876106195,0,0.000140036409466461,0.9921,70
"25","Brown",775.923513491124,0.0402190951023071,3.53189803196407,22.2480517765157,7,1,15.47552703,0,37855,9008,5.23978685612789,2.64165896182803e-05,0.000184916127327962,0.2767,472
"26","Burleson",272.461756373938,0.0298817249251491,13.1243770074205,20.6888913500941,2,1,10.57948201,1,18058,4453,3.39097237817202,5.53771181747702e-05,0.00011075423634954,0.3518,151
"27","Burnet",1750.8045325779,0.0781001033545238,1.75155813453686,22.2265205243929,3,2,18.0687596,0,46530,10574,4.46377908076414,4.2983021706426e-05,6.44745325596389e-05,0.1897,472
"28","Caldwell",633.586402266289,0.035156692607706,5.59984813971147,52.1853644646925,5,2,29.84353222,1,42144,7769,4.72390269017892,4.74563401670463e-05,0.000118640850417616,0.8063,367
"29","Calhoun",1364.96317280453,0.134457297380599,2.33062580764261,48.8693003507476,2,1,16.50634903,0,21668,4180,3.01435406698565,4.61510060919328e-05,9.23020121838656e-05,0.7826,126
"30","Callahan",361.070822426573,0.0502467554356549,0.909353348729792,9.62759815242494,2,0,5.948406744,1,13856,3147,6.45058786145535,0,0.000144341801385681,0.0791,203
"31","Cameron",8524.52974504249,0.0510954448473308,0.399131065819867,89.6636200215336,13,7,182.5914807,1,421666,64556,3.00669186442778,1.66008167601846e-05,3.08300882689143e-05,0.9526,1941
"32","Camp",12.7016862229392,0.00206005572809641,15.809908370865,24.9650566858208,1,1,25.38822646,0,12878,3206,5.48970679975047,7.76518092871564e-05,7.76518092871564e-05,0.7984,176
"33","Carson",4.67988668555241,0.00152765941527387,0.798801797304044,9.91845564985855,0,0,2.521191152,1,6009,1150,7.1304347826087,0,0,0,82
"34","Cass",42.8866855524079,0.00268400718232753,17.0764163811171,4.49782095212748,5,1,12.3866263,0,30059,8257,7.20600702434298,3.32679064506471e-05,0.000166339532253235,0.6008,595
"35","Castro",11.9884953441421,0.00353629267285749,2.1243320735045,64.60315391633,2,1,3.312181081,0,7673,1152,5.20833333333333,0.000130327121073895,0.000260654242147791,0.7549,60
"36","Chambers",3267.84135173221,0.17347822027153,7.25578017189202,22.4355404914659,2,2,26.70665362,1,41305,5428,3.90567428150332,4.84202881007142e-05,4.84202881007142e-05,0.1462,212
"37","Cherokee",1083.55085189129,0.0446176943361697,13.4982155877048,23.135960704555,6,2,19.11085127,0,52118,8926,5.65762939726641,3.83744579607813e-05,0.000115123373882344,0.834,505
"38","Childress",161.161473087819,0.0500071796698492,8.03805321935751,31.0078588170412,1,1,4.020611102,0,7253,1310,7.40458015267176,0.000137873983179374,0.000137873983179374,0.5613,97
"39","Clay",185.533980196155,0.0337565087482137,0.451792752090743,6.27703547053735,1,1,3.689176917,1,10403,1856,6.51939655172414,9.61261174661155e-05,9.61261174661155e-05,0.0751,121
"40","Cochran",0.097987974657232,7.33313133984948e-05,3.84482161413232,58.7114651887773,0,1,1.438140175,0,2887,557,9.15619389587074,0.000346380325597506,0,0.8261,51
"41","Coke",169.345609065156,0.0769341838105186,0.968816227671814,21.5258855585831,2,0,1.398892714,0,3303,883,6.00226500566251,0,0.000605510142294883,0.3281,53
"42","Coleman",8.78753541076487,0.00191737655436885,1.60787137029038,17.518598512119,2,1,2.547896708,0,8334,2491,6.985146527499,0.000119990400767939,0.000239980801535877,0.1502,174
"43","Collin",17708.907284661,0.038768327276736,9.63102824810031,15.2668902859102,26,26,446.9380676,1,973977,112750,3.07583148558758,2.66946755416196e-05,2.66946755416196e-05,0.0237,3468
"44","Collingsworth",0.0226628895184136,1.63539307863826e-05,8.35298080161671,28.7638935668575,1,1,1.248134562,0,2969,615,11.219512195122,0.000336813742000674,0.000336813742000674,0.7787,69
"45","Colorado",2095.38513553637,0.21006553745599,12.6413494157557,29.7304937806257,4,2,8.533531003,0,21224,4963,3.72758412250655,9.42329438371655e-05,0.000188465887674331,0.5257,185
"46","Comal",5062.42492917847,0.0736074236955663,1.99658293444035,27.3619406673162,6,4,97.74061556,1,141642,38532,3.07017543859649,2.82402112367801e-05,4.23603168551701e-05,0.0356,1183
"47","Comanche",810.154056240453,0.110275712920237,0.59871387390051,27.9178061941016,2,1,5.570311726,0,13529,3288,5.2007299270073,7.3915293074137e-05,0.000147830586148274,0.4862,171
"48","Concho",91.8526912181303,0.0752218950974906,1.16350275566442,45.1316595223515,1,1,1.281832901,0,3266,717,8.22873082287308,0.000306184935701164,0.000306184935701164,0.4466,59
"49","Cooke",2385.71211577626,0.116072299419245,2.79963037886167,18.1538922604331,4,2,17.6721364,0,40041,7713,4.66744457409568,4.99488024774606e-05,9.98976049549212e-05,0.3004,360
"50","Coryell",2454.803640849,0.0821354949427567,12.7749734325186,18.2797555791711,4,1,27.62384408,1,75280,10910,4.36296975252062,1.32837407013815e-05,5.3134962805526e-05,0.4229,476
"51","Cottle",0.295454545454545,0.000312117763002945,14.4945188794153,23.142509135201,0,0,0.703981173,0,1642,410,10.7317073170732,0,0,0.8182,44
"52","Crane",37.2436260623229,0.0195751502049853,2.31153685964182,64.369012911287,1,1,2.361655185,0,4802,631,4.27892234548336,0.000208246563931695,0.000208246563931695,0.3953,27
"53","Crockett",177.827195467422,0.0980904526087033,0.68886337543054,61.8828932261768,1,0,0.479168081,0,3484,708,4.09604519774011,0,0.000287026406429392,0.5652,29
"54","Crosby",17.0793201133144,0.006189275437651,3.13570938999315,56.0143934201508,2,1,2.503105905,1,5836,1193,7.12489522212909,0.000171350239890336,0.000342700479780672,0.8854,85
"55","Culberson",6.6685552407932,0.00858718823892993,0.13550135501355,71.0478771454381,0,1,0.224237966,0,2214,498,8.23293172690763,0.0004516711833785,0,0.9763,41
"56","Dallam",4.86118980169972,0.00153582711043056,0.766703176341731,45.8242059145674,0,0,1.876142207,0,7304,1465,9.14675767918089,0,0,0.3794,134
"57","Dallas",46977.8976280829,0.0377949059822753,22.2561710067407,40.1797866251763,82,37,1153.767311,1,2606868,332563,3.42341150398571,1.41932771432999e-05,3.14553709662323e-05,0.6838,11385
"58","Dawson",259.42776203966,0.0448310499516945,7.68750487785843,57.4650745336767,1,1,5.494940098,0,12813,2117,6.75484175720359,7.80457348005931e-05,7.80457348005931e-05,0.8656,143
"59","Deaf Smith",43.5779233071086,0.00529653524506719,0.635140905209223,72.833048676345,1,1,4.832913462,0,18736,2692,7.20653789004458,5.33731853116994e-05,5.33731853116994e-05,0.8142,194
"60","Delta",121.62889973457,0.0454434408543714,8.78262526195466,7.77290912554772,1,0,7.890953452,0,5249,1294,8.0370942812983,0,0.000190512478567346,0.2885,104
"61","Denton",14672.1147939325,0.0377571438347301,9.57890293132107,19.3006421034705,19,16,366.0172891,1,833822,99586,3.42216777458679,1.9188747718338e-05,2.27866379155263e-05,0.0514,3408
"62","DeWitt",389.750887984787,0.041301748851871,9.28220255653884,35.3588987217306,4,1,8.639738476,0,20340,3850,3.74025974025974,4.91642084562439e-05,0.000196656833824975,0.6047,144
"63","Dickens",1.80736543909348,0.00159748389292486,2.67816613708579,29.822968679074,0,0,0.943285272,0,2203,579,8.63557858376511,0,0,0.6561,50
"64","Dimmit",157.745042492918,0.0374255524053266,0.0383215175320943,86.9132017627898,1,1,3.032719522,0,10438,1904,3.9390756302521,9.58037938302357e-05,9.58037938302357e-05,1,75
"65","Donley",0.0793201133144476,4.43761155608024e-05,5.47576301615799,11.0712148414123,1,0,1.392107831,0,3342,906,10.5960264900662,0,0.000299222022740874,0.1344,96
"66","Duval",825.088373617471,0.175516060133972,1.31345402910898,89.3326233581825,1,0,2.42579001,0,11268,2405,5.03118503118503,0,8.87468938587149e-05,0.9881,121
"67","Eastland",966.149624954289,0.111150930320358,2.85667378098834,16.3574673014831,4,1,7.614877027,0,18273,4801,5.87377629660487,5.472555135993e-05,0.00021890220543972,0.581,282
"68","Ector",3199.68181818182,0.0454932136173729,4.42710441589498,60.6797900099017,6,4,69.05666162,1,160579,19889,5.74689526874152,2.49098574533407e-05,3.73647861800111e-05,0.6877,1143
"69","Edwards",465.646300719618,0.440784564072758,0,56.6214807090719,0,0,0.34966439,0,1918,547,4.93601462522852,0,0,0.2174,27
"70","El Paso",42.8948863636364,0.000119403177984138,2.96269893859546,82.5624176197459,21,18,318.5850507,1,836062,131611,5.20397231234471,2.15295037927809e-05,2.51177544249111e-05,0.9249,6849
"71","Ellis",3882.57759363474,0.0506010691999183,9.79904702713901,26.2280459452616,9,3,71.70739147,1,173772,30306,4.2301854418267,1.72640011048961e-05,5.17920033146882e-05,0.1225,1282
"72","Erath",918.82408327349,0.0504777957036656,1.85464018546402,21.0821921082192,3,1,14.91435837,0,41841,6646,4.6042732470659,2.39000023900002e-05,7.17000071700007e-05,0.2846,306
"73","Falls",1063.08219656873,0.15271941479759,24.1083835108847,23.1588698471515,2,1,8.71203427,1,17272,3073,4.62089163683697,5.78971746178786e-05,0.000115794349235757,0.8972,142
"74","Fannin",307.948863382469,0.0184693597627016,5.62874598256942,11.2922373107103,5,1,14.96889577,0,34537,7587,6.10254382496375,2.89544546428468e-05,0.000144772273214234,0.2095,463
"75","Fayette",45.1558073654391,0.00369192001533472,6.54309693329621,20.9856409848455,5,1,10.21860235,0,25141,7291,2.97627211630778,3.97756652480013e-05,0.000198878326240006,0.1146,217
"76","Fisher",10.4617563739377,0.00488045703606379,2.64522821576763,32.7022821576764,0,1,1.656163812,0,3856,844,5.56872037914692,0.000259336099585062,0,0.1186,47
"77","Floyd",0.0963203653740199,3.16773038719007e-05,2.87782181630191,58.6765466138204,1,1,2.258295378,0,5803,1235,5.66801619433198,0.000172324659658797,0.000172324659658797,0.7905,70
"78","Foard",1.35694050991501,0.0019014321051386,2.27450980392157,22.2745098039216,1,0,0.698868085,0,1275,346,3.17919075144509,0,0.000784313725490196,0.1976,11
"79","Fort Bend",22846.4885714286,0.0717304039628942,20.1166980666167,24.4971870696661,14,12,342.9252076,1,765394,96603,2.79494425638955,1.56781997245863e-05,1.82912330120173e-05,0.0949,2700
"80","Franklin",118.137279682796,0.0222531245244185,4.36730123180291,14.4643523702874,1,0,14.54850939,0,10716,2247,6.18602581219404,0,9.33184023889511e-05,0.1621,139
"81","Freestone",1079.50424936649,0.119303557039586,15.0806533428021,15.4966014000203,3,1,8.671929348,0,19714,4203,5.32952652867,5.07253728314903e-05,0.000152176118494471,0.6285,224
"82","Frio",777.1388101983,0.127790536018559,3.175481857984,79.2763323436163,1,1,6.768620035,0,19871,2800,3.46428571428571,5.03245936289064e-05,5.03245936289064e-05,0.9644,97
"83","Gaines",35.0481586402266,0.00450388013588794,2.17328310634599,41.4903892591519,1,1,5.321367228,0,20706,1968,6.30081300813008,4.82951801410219e-05,4.82951801410219e-05,0.6522,124
"84","Galveston",21822.0821529745,0.134211213735867,12.3481082055364,24.6340327740811,13,3,339.2114001,1,332885,60660,3.74876360039565,9.01212130315274e-06,3.90525256469952e-05,0.2569,2274
"85","Garza",14.8636363636364,0.00719459529496862,5.63426688632619,52.2240527182867,1,0,2.623241765,0,6070,878,10.250569476082,0,0.000164744645799012,0.6601,90
"86","Gillespie",4041.52407932011,0.282261870025405,0.079368078914547,23.1754790430477,4,1,9.653998462,0,26459,8514,3.00681230913789,3.77943232926414e-05,0.000151177293170566,0.0988,256
"87","Glasscock",153.0180313051,0.283586000431376,0,43.7748344370861,0,0,0.647637011,0,1510,166,6.62650602409639,0,0,0.0632,11
"88","Goliad",452.62067228604,0.123964253933404,4.91738268341044,35.8493060145407,1,0,3.428198108,1,7565,1465,3.95904436860068,0,0.000132187706543291,0.2806,58
"89","Gonzales",89.7524957635938,0.00910290431472622,6.46857363368868,50.7356133326902,2,1,7.503877915,0,20731,4161,3.65296803652968,4.8236939848536e-05,9.6473879697072e-05,0.8735,152
"90","Gray",23.0084985835694,0.00217966066957834,4.30611334225792,28.995983935743,3,1,9.344268057,0,22410,4065,8.53628536285363,4.46229361892012e-05,0.000133868808567604,0.6324,347
"91","Grayson",2007.91070545844,0.0309500948166053,5.24447768940724,13.416123467721,12,7,54.22705891,1,131014,29781,5.40277358047077,5.34294044911231e-05,9.15932648419253e-05,0.2688,1609
"92","Gregg",229.127508032515,0.00376439357911087,19.7864601475985,18.7130902521812,10,4,174.341666,1,123443,29284,5.4159267859582,3.24036194842964e-05,8.1009048710741e-05,0.6719,1586
"93","Grimes",492.209631728045,0.0407966348869253,14.8799313893654,24.1602344196684,2,1,13.72081337,0,27984,6319,4.22535211267606,3.57347055460263e-05,7.14694110920526e-05,0.7194,267
"94","Guadalupe",404.631823091495,0.00558508420672812,7.58338261011789,37.9188002465936,7,2,86.29438428,1,158966,24695,3.79429034217453,1.25813066945133e-05,4.40345734307965e-05,0.1423,937
"95","Hale",46.6511321636796,0.00318691194101347,4.53792940341749,59.4483533376692,2,1,12.99945331,0,33826,5533,6.52448942707392,2.95630580027198e-05,5.91261160054396e-05,0.8775,361
"96","Hall",0.0339943342776204,2.00390509438509e-05,6.16797900262467,34.7769028871391,1,0,1.332031826,0,3048,766,7.96344647519582,0,0.000328083989501312,0.8419,61
"97","Hamilton",108.057499487638,0.0270007745145193,0.792126740278445,12.7460393662986,3,1,3.84848332,0,8332,2492,5.09630818619583,0.000120019203072492,0.000360057609217475,0.2925,127
"98","Hansford",0.101983002832861,4.14409317941117e-05,0.0905797101449275,48.0072463768116,1,1,2.31709179,0,5520,936,4.59401709401709,0.000181159420289855,0.000181159420289855,0.6917,43
"99","Hardeman",86.8016997167139,0.0406202475711503,5.8808618504436,18.9860583016477,0,1,2.191255938,0,3945,971,4.53141091658084,0.000253485424588086,0,0.4941,44
"100","Hardin",407.838526912181,0.0147679583771481,5.55447899233683,5.69012595789659,5,1,24.60968347,1,56765,11570,4.54624027657736,1.76164890337356e-05,8.80824451686779e-05,0.087,526
"101","Harris",48895.1926345609,0.0227477676255517,18.5735468500827,42.9368165745928,102,66,1051.533172,1,4646630,563407,3.20922530249003,1.42038423545666e-05,2.19513927297848e-05,0.6443,18081
"102","Harrison",60.3909352850015,0.00193647635194261,20.6668669270051,13.1075398017423,3,1,28.56114744,0,66580,11222,5.31990732489752,1.50195253829979e-05,4.50585761489937e-05,0.4822,597
"103","Hartley",3.59773371104816,0.00160134269384391,7.40871405891692,26.724289998236,1,1,1.497186467,0,5669,133,16.5413533834586,0.000176397953783736,0.000176397953783736,0.3202,22
"104","Haskell",215.821529745042,0.0751125095849361,3.78973105134474,28.5714285714286,1,1,2.44794608,0,5726,1317,7.28929384965831,0.000174641983932937,0.000174641983932937,0.8893,96
"105","Hays",5316.25212464589,0.0540676963170568,3.8464422635284,38.9326321906958,6,5,121.5015761,1,213366,34277,3.08661784870321,2.34339116822737e-05,2.81206940187284e-05,0.1739,1058
"106","Hemphill",0.178470254957507,0.000102692416884253,0.976464697045568,34.8272408612919,1,1,1.701551149,0,3994,603,5.14096185737977,0.000250375563345017,0.000250375563345017,0.6403,31
"107","Henderson",2098.16085659184,0.0509497469640563,6.35253484642901,12.7630442827186,6,1,35.8239137,0,81070,18630,6.25335480407944,1.23350191192796e-05,7.40101147156778e-05,0.4308,1165
"108","Hidalgo",22329.5609083645,0.0699715284944129,0.422369196516273,92.1777505449171,22,15,210.1998048,1,855176,106238,2.7532521320055,1.75402490247622e-05,2.57256985696512e-05,0.9684,2925
"109","Hill",844.059496500297,0.0485226232856021,6.27364173835075,20.6057888985402,4,1,14.370869,0,35689,8694,7.20036806993329,2.80198380453361e-05,0.000112079352181344,0.6759,626
"110","Hockley",38.6909095771359,0.00361350838770746,3.19979188345473,47.7930974679154,2,1,9.803105181,0,23064,3587,6.52355729021466,4.33576135969476e-05,8.67152271938952e-05,0.83,234
"111","Hood",1205.72412067902,0.0406520293029737,0.756198772248705,12.4009739703008,4,1,53.52090752,1,58318,18091,5.46680669946382,1.7147364450084e-05,6.85894578003361e-05,0.0593,989
"112","Hopkins",601.895010672893,0.0334877542090705,7.00268596173875,16.8749657402839,4,1,18.3565429,0,36486,7773,5.46764441013766,2.74077728443787e-05,0.000109631091377515,0.4269,425
"113","Houston",964.101983390365,0.087259150485745,24.9063344079463,11.0830356364904,4,1,7.199495605,0,22954,5673,5.39397144368059,4.3565391652871e-05,0.000174261566611484,0.747,306
"114","Howard",983.213068181818,0.0663716628964911,5.19409062147514,42.5101103194036,3,1,15.58010722,0,36349,5257,5.34525394711813,2.75110732069658e-05,8.25332196208974e-05,0.8024,281
"115","Hudspeth",0.0142045454545455,1.08476511347275e-05,1.63080407701019,77.8029445073613,0,0,0.372963947,1,4415,693,7.21500721500721,0,0,0.9447,50
"116","Hunt",1837.73914509791,0.0413558472589869,7.80569656549351,16.3505448057603,5,1,43.25974698,1,94162,16600,5.36746987951807,1.06199953272021e-05,5.30999766360103e-05,0.6087,891
"117","Hutchinson",10.8725212464589,0.00117194418171221,1.43834332833583,23.2571214392804,2,1,9.286427209,0,21344,4116,7.21574344023324,4.68515742128936e-05,9.37031484257871e-05,0.336,297
"118","Irion",252.729166832686,0.276769490687707,4.07407407407407,25.5555555555556,0,0,0.594825897,1,1620,325,7.07692307692308,0,0,0.0474,23
"119","Jack",60.5591610057519,0.0142771624281544,4.74469046543154,16.8775417984636,1,1,3.751922555,0,8852,1543,4.92546986390149,0.000112968820605513,0.000112968820605513,0.3715,76
"120","Jackson",341.082152974504,0.051809095577868,6.47948164146868,33.106101511879,2,1,6.896787056,0,14816,3007,4.22347855004988,6.74946004319654e-05,0.000134989200863931,0.5099,127
"121","Jasper",0.141643059490085,8.17791355708203e-06,16.5296006308793,6.71999098743874,3,1,14.60487914,0,35506,8428,4.31893687707641,2.81642539289134e-05,8.44927617867403e-05,0.5929,364
"122","Jeff Davis",228.287337152445,0.161766442590489,1.02632753235163,39.8482820169567,0,0,0.382085966,0,2241,691,3.47322720694645,0,0,0.1067,24
"123","Jefferson",1224.97727272727,0.0098389408085937,33.4560037744751,20.7234410631438,14,13,112.0542672,1,254340,42685,4.33641794541408,5.11126838090745e-05,5.50444287174648e-05,0.664,1851
"124","Jim Hogg",60.1813210375355,0.0276432052892791,0.0382336073408526,91.3400879372969,1,0,1.77763446,0,5231,964,3.42323651452282,0,0.000191168036704263,0.9605,33
"125","Jim Wells",1533.00464875285,0.0881620854755041,0.62237625695597,80.2816557649126,3,1,18.28471077,0,40972,8243,3.96700230498605,2.4406912037489e-05,7.3220736112467e-05,0.8933,327
"126","Johnson",3059.79802573662,0.0398758152504861,3.46506231610172,21.3585149391192,8,2,89.04683727,1,167212,33013,5.55538727168085,1.19608640528192e-05,4.78434562112767e-05,0.1937,1834
"127","Jones",566.233787746802,0.0742459935922223,13.9898711327283,27.548513262799,3,1,8.29235294,1,19943,2872,5.77994428969359,5.01429072857644e-05,0.000150428721857293,0.4625,166
"128","Karnes",251.307363150691,0.0438334621049296,6.41363782566742,54.7185590221936,3,1,8.029407588,0,15545,2976,4.06586021505376,6.43293663557414e-05,0.000192988099067224,0.7431,121
"129","Kaufman",2204.43048843472,0.0433100452689612,11.7152919130238,21.4241866175568,8,1,61.22918079,1,123804,23290,5.17389437526836,8.07728344803076e-06,6.46182675842461e-05,0.2451,1205
"130","Kendall",1321.36543909348,0.0692410877560607,0.488930521602047,23.8753455642121,6,0,25.51016205,1,43769,14498,2.7176162229273,0,0.000137083323813658,0.0395,394
"131","Kenedy",24.8435527384088,0.0941878100749377,0,94.7183098591549,0,0,0.150368947,0,568,52,21.1538461538462,0,0,0.7036,11
"132","Kent",8.28895184135977,0.0226769265260023,0.927357032457496,14.064914992272,1,0,0.276793571,0,647,180,12.2222222222222,0,0.00154559505409583,0.1383,22
"133","Kerr",4225.72176353683,0.147459742186139,1.43124433385414,26.9351696468183,5,1,18.14212561,0,51843,16339,3.80072219842096,1.92890071947997e-05,9.64450359739984e-05,0.3597,621
"134","Kimble",338.343968518032,0.141727562945751,1.09764463754859,21.7928195746627,0,1,1.34967637,0,4373,1219,3.77358490566038,0.000228675966155957,0,0.332,46
"135","King",2.10198300283286,0.0203885198474323,0,32.9113924050633,0,0,0.100459962,0,237,25,44,0,0,0.0553,11
"136","Kinney",268.337474233591,0.14989845061696,0.136649357748019,59.2784913910905,0,0,1.03874333,0,3659,915,4.69945355191257,0,0,0.8538,43
"137","Kleberg",242.145875552811,0.0165086635963044,2.93794795635049,72.8804804029186,2,1,13.56977741,0,30974,5010,4.17165668662675,3.22851423774779e-05,6.45702847549558e-05,0.917,209
"138","Knox",125.164305949008,0.0679868658429511,4.69635627530364,34.331983805668,2,1,1.681722271,0,3705,797,7.15181932245922,0.000269905533063428,0.000539811066126856,0.5771,57
"139","La Salle",530.923440202693,0.174761042807021,1.45631067961165,84.0884573894283,1,0,1.925960762,0,7416,1140,3.59649122807018,0,0.000134843581445523,0.7945,41
"140","Lamar",329.631840443585,0.0124384067372469,12.7471730059866,7.86519118743827,5,1,21.11441657,0,49611,11295,7.18902169101372,2.01568200600673e-05,0.000100784100300337,0.5731,812
"141","Lamb",2.29643591339365,0.000362763919639915,2.98712184713861,55.5589423150194,3,1,4.98613626,0,13123,2639,7.2754831375521,7.62020879372095e-05,0.000228606263811628,0.8458,192
"142","Lampasas",354.660057525153,0.0339293331746363,4.33323746524782,19.4228741252037,3,1,11.29965755,1,20862,5697,4.23029664735826,4.79340427571661e-05,0.000143802128271498,0.2332,241
"143","Lavaca",514.793201133145,0.04912925545818,6.16352829528995,18.9051495929274,5,2,7.971618157,0,20021,5993,2.93675955281161,9.98951101343589e-05,0.000249737775335897,0.3874,176
"144","Lee",304.294617563739,0.0376523652538381,11.1326064016884,23.683901981475,2,0,10.47043695,0,17058,3426,3.70694687682428,0,0.000117247039512252,0.415,127
"145","Leon",1620.65616083383,0.187866773518834,6.70537010159652,14.5660377358491,1,0,6.197242432,0,17225,5539,4.62177288319191,0,5.8055152394775e-05,0.3123,256
"146","Liberty",3831.92250336995,0.106499553938726,9.84325344675157,24.8357267448806,4,3,27.89977691,1,83702,16559,5.56193006824084,3.58414374805859e-05,4.77885833074479e-05,0.8498,921
"147","Limestone",1917.78186968839,0.170984962203683,16.8467352777896,21.9071614638938,5,2,9.985701071,0,23417,5086,6.15414864333464,8.54080368962719e-05,0.00021352009224068,0.8617,313
"148","Lipscomb",10.2776203966006,0.00643966894130152,0.529723366686286,31.9599764567393,1,0,1.407375799,0,3398,604,9.10596026490066,0,0.000294290759270159,0.17,55
"149","Live Oak",519.774360109525,0.103466378021825,2.21599802290139,39.9868193426147,1,0,4.507952298,0,12139,1824,3.07017543859649,0,8.23791086580443e-05,0.5336,56
"150","Llano",1792.18947253044,0.154245143781882,0.665177935097639,10.3910296004181,2,1,8.700035057,0,21047,9042,4.62287104622871,4.75127096498313e-05,9.50254192996627e-05,0.1858,418
"151","Loving",6.35185270510178,0.158134411765743,0,12.2448979591837,0,0,0.056574472,0,98,15,0,0,0,0.6364,0
"152","Lubbock",129.904132548725,0.000854909706995769,6.60251699430461,35.4298443610404,15,8,131.4058414,1,304808,47078,6.49135477293003,2.6246030287919e-05,4.9211306789848e-05,0.3992,3056
"153","Lynn",90.4050991501482,0.0313468893887751,0.703259005145798,47.221269296741,0,1,2.523891633,1,5830,1061,6.78605089538171,0.000171526586620926,0,0.751,72
"154","Madison",460.991501416431,0.0806517857624278,16.2710431781362,23.1739099809819,2,1,11.76121232,0,14197,2315,4.66522678185745,7.04374163555681e-05,0.000140874832711136,0.7273,108
"155","Marion",95.609065757008,0.0151448369134146,22.9010681840871,4.14295697314565,1,0,10.15423349,0,10017,2363,7.10960643250106,0,9.98302885095338e-05,0.4387,168
"156","Martin",372.817042812903,0.164372656819941,0.849707912904939,44.9637103912197,0,1,2.383821323,1,5649,853,7.8546307151231,0.000177022481855196,0,0.2016,67
"157","Mason",364.127894432882,0.160352348704412,0.0477783086478739,22.1930243669374,0,0,1.740052818,0,4186,1310,5.49618320610687,0,0,0.1028,72
"158","Matagorda",2881.7939833459,0.155425795554588,10.2925980312177,42.4539076521455,3,2,12.99157523,0,36774,7339,3.81523368306309,5.43862511557078e-05,8.15793767335618e-05,0.8379,280
"159","Maverick",2561.14447592068,0.117453745638229,0.321449444769141,95.1765393474748,3,2,17.55497881,0,58174,10136,2.32833464877664,3.43796197614054e-05,5.15694296421082e-05,0.9486,236
"160","Mcculloch",367.394463634198,0.0873042629169167,1.07980637954574,32.3073104133052,1,1,2.919315509,0,8057,2167,6.64513151822796,0.000124115675809855,0.000124115675809855,0.4585,144
"161","McLennan",6553.55241121859,0.0543526837064026,14.2606804758472,26.3444436036624,17,3,93.47355478,1,251089,45620,4.22840859272249,1.19479547092863e-05,6.7705076685956e-05,0.6482,1929
"162","McMullen",25.796406577833,0.0713580005576621,0,49.7416020671835,0,0,0.262189271,0,774,185,5.94594594594595,0,0,0.5889,11
"163","Medina",2056.29420362848,0.0979334435195293,2.47118285154923,51.9727510637873,3,1,14.58255399,1,50057,9158,3.60340685739244,1.99772259624029e-05,5.99316778872086e-05,0.4071,330
"164","Menard",352.178212434322,0.259401064128035,0,41.670599339311,1,0,0.907013762,0,2119,665,4.81203007518797,0,0.00047192071731949,0.3636,32
"165","Midland",5523.26420454545,0.0723741414214934,6.21762890460078,44.731725011447,5,2,72.11539604,1,168167,18639,4.03455120982885,1.18929397563137e-05,2.97323493907842e-05,0.2727,752
"166","Milam",678.189801699717,0.0548897044678897,9.20064594267259,26.4271295922487,3,0,9.404605579,0,24770,6115,4.34995911692559,0,0.000121114251110214,0.5217,266
"167","Mills",30.0000002495644,0.0125174380562088,0.388627531192473,20.9858866843935,2,0,2.522876862,0,4889,1345,4.01486988847584,0,0.00040908161178155,0.4664,54
"168","Mitchell",335.169971671388,0.105092220677243,9.02264460870585,39.8803238296375,1,1,3.611883089,0,8523,1419,5.42635658914729,0.000117329578786812,0.000117329578786812,0.4704,77
"169","Montague",519.153043991764,0.0497104878986383,0.67217404689825,10.970290933347,2,1,8.083251872,0,19489,5470,4.58866544789762,5.13109959464313e-05,0.000102621991892863,0.2292,251
"170","Montgomery",18161.6487252125,0.0682835531910179,4.79675635415046,24.1421875027319,11,16,211.8708631,1,571949,91288,3.94246779423363,2.79745222039028e-05,1.92324840151832e-05,0.1107,3599
"171","Moore",78.0113314447592,0.00865358969079988,3.21043039394364,56.0586943315108,2,1,9.183303563,0,21399,2505,7.06586826347305,4.67311556614795e-05,9.3462311322959e-05,0.6996,177
"172","Morris",36.4730959317757,0.00532358797661858,23.0906005010911,9.86017942293704,1,0,18.95812207,0,12373,3622,7.5372722252899,0,8.08211428109594e-05,0.4427,273
"173","Motley",0.0453257790368272,6.92282959668959e-05,1.51757188498403,19.6485623003195,1,0,0.488496931,0,1252,348,7.18390804597701,0,0.000798722044728434,0.4348,25
"174","Nacogdoches",3693.10169109977,0.116103922453191,17.2622782717825,19.421784845192,5,3,26.6518753,0,65339,11853,5.13793976208555,4.59143849768132e-05,7.65239749613554e-05,0.8814,609
"175","Navarro",902.359776029329,0.0388712004217107,12.1992040004082,27.2558424329013,6,1,18.73631243,0,48995,10231,5.64949662789561,2.04102459434636e-05,0.000122461475660782,0.913,578
"176","Newton",0.0226628895184136,3.18463186526925e-06,20.2889176369125,3.6222509702458,1,0,5.75383667,1,13914,2580,4.88372093023256,0,7.18700589334483e-05,0.5455,126
"177","Nolan",360.762039660057,0.0498323866590779,5.56226516371444,37.6811594202899,2,1,6.309741924,0,14904,3358,6.34306134603931,6.70960815888352e-05,0.00013419216317767,0.7312,213
"178","Nueces",9781.8137165135,0.0564366467612958,3.62366543121093,63.7412181224761,15,14,166.5179879,1,361540,60568,4.03018095363888,3.87232394755767e-05,4.14891851524036e-05,0.668,2441
"179","Ochiltree",1.02549575070822,0.000219901207570126,0.0888362451880367,54.1802388707926,1,1,4.26246796,0,10131,1265,6.71936758893281,9.87069390978186e-05,9.87069390978186e-05,0.4941,85
"180","Oldham",16.9042651950782,0.021254802601668,3.05635148042025,15.2340019102197,0,0,0.538810695,1,2094,492,7.31707317073171,0,0,0.1304,36
"181","Orange",284.340909090909,0.00670053557912296,8.68572244227956,7.67940620204832,4,0,97.245685,1,84069,16454,4.55816214902151,0,4.75799640771271e-05,0.2372,750
"182","Palo Pinto",741.001276300343,0.0539672781482725,2.5052557813595,19.8808689558514,2,1,11.56828165,0,28540,6360,6.68238993710692,3.50385423966363e-05,7.00770847932726e-05,0.7115,425
"183","Panola",101.323290441707,0.00876180511040125,17.2846915591375,8.71950958117203,3,1,11.10068997,0,23327,5040,5.25793650793651,4.28687786684957e-05,0.000128606336005487,0.4032,265
"184","Parker",5920.83439122254,0.0999054756333908,1.242797677321,12.288227425249,9,2,57.1689421,1,133811,23899,6.04209381145655,1.49464543273722e-05,6.72590444731748e-05,0.0672,1444
"185","Parmer",16.1614764939635,0.00376852429822691,1.1936612471702,63.2949166495164,2,1,4.259829153,0,9718,1425,7.36842105263158,0.000102901831652603,0.000205803663305207,0.7391,105
"186","Pecos",495.688385269122,0.0795138889250309,3.43344925703446,68.7764780271894,1,2,1.281783724,0,15815,2255,5.49889135254989,0.000126462219411951,6.32311097059753e-05,0.7628,124
"187","Polk",338.770538243626,0.0140308788600487,9.69476417312371,15.2740580213849,4,1,17.86624034,0,48913,18798,4.41004362166188,2.04444626173001e-05,8.17778504692004e-05,0.7747,829
"188","Potter",262.413597733711,0.00441617486110113,9.79160051473169,38.3199358256597,10,7,50.86625895,1,119674,19082,6.6030814380044,5.84922372445143e-05,8.35603389207347e-05,0.8577,1260
"189","Presidio",20.1841359773371,0.0059280386523216,0,83.741935483871,0,0,0.698543803,0,6975,1853,3.2379924446843,0,0,0.9802,60
"190","Rains",243.862873201964,0.0420634619520934,3.52711201767806,9.11949685534591,1,0,19.79871815,0,11766,3113,5.65371024734982,0,8.49906510283869e-05,0.1265,176
"191","Randall",187.033999330328,0.00282837865514468,2.51742199274768,21.6308775909152,3,1,56.74507649,1,134026,22789,5.5289832814077,7.461238864101e-06,2.2383716592303e-05,0.0277,1260
"192","Reagan",359.510704524753,0.247702145056089,0.849707912904939,68.8263409453001,1,1,1.237167947,0,3766,427,4.44964871194379,0.000265533722782793,0.000265533722782793,0.3676,19
"193","Real",430.013731190731,0.285227343271521,0.557511737089202,26.2617370892019,1,0,1.882027713,0,3408,1285,4.3579766536965,0,0.000293427230046948,0.3913,56
"194","Red River",376.130313593452,0.0566032391263375,16.7529373099992,7.2795990469148,2,0,4.501730816,0,12171,3488,7.25344036697248,0,0.00016432503491907,0.4506,253
"195","Reeves",189.974504249292,0.0403317167354287,1.3426284533953,74.6901626646011,1,1,2.269712417,0,15492,2063,4.65341735336888,6.45494448747741e-05,6.45494448747741e-05,0.7154,96
"196","Refugio",303.172804532578,0.0889013835544379,6.48005598320504,50.4408677396781,2,1,3.580474512,0,7145,1731,5.19930675909879,0.000139958012596221,0.000279916025192442,0.7866,90
"197","Roberts",0.260623229461756,0.0006466865820097,0,13.2919254658385,0,0,0.336355879,0,805,150,7.33333333333333,0,0,0.0198,11
"198","Robertson",734.28328611898,0.0851050506781731,20.2295467922307,20.9770453207769,3,0,7.671401042,1,16990,3555,4.50070323488045,0,0.000176574455562095,0.5257,160
"199","Rockwall",2493.37823610299,0.0563768125626194,6.21764857216362,17.6362233084641,6,3,295.16371,1,97175,15942,3.58173378497052,3.08721378955493e-05,6.17442757910985e-05,0.0079,571
"200","Runnels",67.1274787535411,0.012868520275639,3.00671402160163,34.1636664396225,3,2,3.775173036,0,10277,2677,5.86477400074711,0.000194609321786514,0.00029191398267977,0.2213,157
"201","Rusk",155.882285024381,0.00642944523012195,16.7705329736769,16.8207608594549,4,1,22.46114001,1,53755,8424,5.30626780626781,1.86029206585434e-05,7.44116826341736e-05,0.5573,447
"202","San Jacinto",945.779036827195,0.0703353162522859,8.93186657203691,13.1050390347764,1,0,19.11373753,0,28180,4770,6.22641509433962,0,3.5486160397445e-05,0.415,297
"203","San Patricio",3194.48292093338,0.104195807109278,1.45505014326648,57.7901146131805,2,0,37.30976497,1,67008,13795,4.86408118883654,0,2.9847182425979e-05,0.7589,671
"204","San Saba",309.110758495729,0.110886996225176,2.01969621098314,30.0951427140711,1,0,2.037445215,0,5991,1463,3.62269309637731,0,0.000166917042230012,0.5059,53
"205","Schleicher",293.696883852691,0.204050704229995,0.536372779081462,52.9668119342943,1,1,0.878762562,0,2983,581,5.16351118760757,0.000335232986925914,0.000335232986925914,0.4743,30
"206","Scurry",122.254957507082,0.0153693022073878,4.63266261113711,40.3837154890033,1,1,7.290123843,0,17096,2946,6.78886625933469,5.84932147870847e-05,5.84932147870847e-05,0.5138,200
"207","Shackelford",19.7138810399614,0.0111797883081537,0.212378640776699,11.5291262135922,0,0,1.391898208,0,3296,700,7,0,0,0.4111,49
"208","Shelby",213.59455768621,0.0171664885924977,18.9474929977514,18.3202493194998,3,0,12.30195873,0,25349,5236,5.9205500381971,0,0.000118347863821058,0.9051,310
"209","Sherman",0.201133144475921,0.000147420093699378,1.1441647597254,44.5897352075842,1,0,1.279811573,0,3059,365,10.6849315068493,0,0.0003269042170644,0.2411,39
"210","Smith",4512.16940448044,0.0433844988217314,17.219244753769,19.5032732612586,17,8,95.30235179,1,227449,47202,4.48074234142621,3.51727200383383e-05,7.47420300814688e-05,0.4783,2115
"211","Somervell",333.312620910781,0.0797126042384754,1.18510158013544,18.5778781038375,2,1,18.34562413,1,8860,1882,5.3134962805526,0.000112866817155756,0.000225733634311512,0.3439,100
"212","Starr",1460.04532585336,0.0673628365141449,0.037454352507881,99.1744436468055,3,1,20.22651859,0,64078,9423,3.51268173617744,1.56059802116171e-05,4.68179406348513e-05,0.9723,331
"213","Stephens",448.889043818736,0.103253299954115,2.82998718496369,23.7398547629218,1,1,4.03186703,0,9364,1901,6.94371383482378,0.000106791969243913,0.000106791969243913,0.6798,132
"214","Sterling",91.6402798805312,0.149440445123365,0,52.0714865962632,1,0,0.514691759,0,1231,233,5.5793991416309,0,0.000812347684809098,0.1581,13
"215","Stonewall",0.495750708215297,0.000638384852086975,2.03252032520325,21.2737127371274,1,1,0.621934911,0,1476,349,9.45558739255014,0.000677506775067751,0.000677506775067751,0.083,33
"216","Sutton",430.552816330778,0.227739813802847,0.0784518828451883,65.6380753138075,0,1,1.015488651,0,3824,772,5.18134715025907,0.000261506276150628,0,0.5415,40
"217","Swisher",1.24079694862531,0.000369947596537948,5.89343379978471,44.0258342303552,1,1,3.223591967,0,7432,1473,6.44942294636796,0.000134553283100108,0.000134553283100108,0.9012,95
"218","Tarrant",52889.8466720076,0.055773990965604,16.1409816711143,28.8073783887948,75,44,916.3589254,1,2049770,272275,3.98273804058397,2.1465822994775e-05,3.65894710138211e-05,0.336,10844
"219","Taylor",3770.30728874045,0.0564679498604782,7.72704025717834,24.40564038869,11,4,57.72114054,1,136870,25566,5.62856919346006,2.92248118652736e-05,8.03682326295025e-05,0.3083,1439
"220","Terrell",0.144475920679887,0.000258146601841869,1.11607142857143,56.6964285714286,0,0,0.146714917,0,896,244,4.50819672131148,0,0,0.3162,11
"221","Terry",9.84137822297483,0.00180996491727452,4.61366538952746,55.0047892720306,2,1,5.442027254,0,12528,1966,5.74771108850458,7.98212005108557e-05,0.000159642401021711,0.9368,113
"222","Throckmorton",89.035336784836,0.099548143897526,0.974930362116992,13.2311977715877,0,1,0.607573657,0,1436,377,7.42705570291777,0.000696378830083565,0,0.0909,28
"223","Titus",107.18699138842,0.00734922935222745,8.92769607843137,43.0392156862745,3,1,31.03553149,0,32640,5054,5.69845666798575,3.06372549019608e-05,9.19117647058824e-05,0.8696,288
"224","Tom Green",4216.56373937677,0.0727072303117956,3.98860881799536,39.889478412693,7,4,29.93075479,1,117986,21962,6.13787451051817,3.39023273947757e-05,5.93290729408574e-05,0.3043,1348
"225","Travis",49979.5779036827,0.0790252310451795,7.85511959928432,33.8069212303504,32,22,477.3799971,1,1226805,137295,3.00884955752212,1.79327603001292e-05,2.60840149820061e-05,0.1542,4131
"226","Trinity",1026.97733711048,0.127201071978406,9.9452804377565,9.98632010943912,3,0,8.136123073,0,14620,4224,6.0842803030303,0,0.000205198358413133,0.5692,257
"227","Tyler",177.385269121813,0.0186597760033927,10.6376057254392,7.69588251696254,2,1,8.987708307,0,21518,5027,5.53013725880247,4.64727205130588e-05,9.29454410261177e-05,0.7075,278
"228","Upshur",150.060029616412,0.0079441383767149,8.1354527280706,8.59135013896338,4,0,27.16584217,1,41018,8087,5.70050698652158,0,9.75181627578136e-05,0.2964,461
"229","Upton",197.681324348963,0.110843094198271,5.8485925116152,53.7305274665209,1,2,1.138098892,0,3659,584,8.04794520547945,0.000546597430992074,0.000273298715496037,0.5494,47
"230","Uvalde",1537.03599475178,0.129846387373246,0.326894502228826,71.7161961367013,2,1,6.697424148,0,26920,5423,4.53623455651853,3.7147102526003e-05,7.42942050520059e-05,0.9289,246
"231","Val Verde",2404.89801699717,0.11383201186983,1.29673875308869,81.9518470869325,3,2,6.012255331,0,48969,8413,4.33852371330084,4.08421654516122e-05,6.12632481774184e-05,0.9407,365
"232","Van Zandt",620.937477592504,0.0230086292960128,2.800210514854,10.9068471771047,6,0,25.25056655,0,55103,12635,5.57182429758607,0,0.000108886993448633,0.2253,704
"233","Victoria",1257.45042492918,0.0291166260865394,5.6053154414878,46.8738125481766,4,7,40.31654966,1,92109,17635,3.15849163595123,7.59969166965226e-05,4.34268095408701e-05,0.6166,557
"234","Walker",1351.77620396601,0.0459685028111688,23.0306549964741,17.9380816083848,3,1,35.60637765,0,72321,10651,4.34700967045348,1.38272424330416e-05,4.14817272991247e-05,0.502,463
"235","Waller",4050.95216632183,0.199429835158969,24.7549776200031,30.0605803364717,2,0,38.99106852,1,51832,4529,4.08478692868183,0,3.8586201574317e-05,0.7233,185
"236","Ward",175.405099150142,0.0329324968720568,4.02298850574713,53.6627208783668,1,1,5.386745352,0,11658,1838,8.32426550598477,8.57780065191285e-05,8.57780065191285e-05,0.5375,153
"237","Washington",532.363636363636,0.0314937386855797,16.3893865711117,16.0566504564457,4,1,22.47045272,0,35163,8770,3.0672748004561,2.84389841594858e-05,0.000113755936637943,0.3557,269
"238","Webb",5209.20396832977,0.052021259160834,0.287724018923247,95.4688036969063,5,6,31.41742865,1,273526,33300,2.15915915915916,2.19357574782653e-05,1.82797978985544e-05,0.9328,719
"239","Wharton",4440.92119035742,0.218225388196948,13.5243043028598,41.3882675517714,4,2,14.77968937,0,41577,8439,3.5904728048347,4.81035187723982e-05,9.62070375447964e-05,0.8103,303
"240","Wheeler",0.444759206798867,0.000152166283963196,2.95991007868115,26.0022480329711,1,2,2.253624151,0,5338,1136,7.3943661971831,0.000374672161858374,0.000187336080929187,0.4901,84
"241","Wichita",1584.92351275185,0.024479647679774,9.95774947566795,19.1935925104106,14,5,80.9592377,1,131596,25997,6.44305112128322,3.79950758381714e-05,0.00010638621234688,0.5178,1675
"242","Wilbarger",8.11898016997167,0.00117062809920258,9.59245694693369,29.1124444790774,2,1,5.103115911,0,12833,2728,6.85483870967742,7.79241019247253e-05,0.000155848203849451,0.7668,187
"243","Willacy",594.722392126122,0.0768216139135787,0.551232166018158,88.1925143598295,1,0,14.11301272,0,21588,3576,4.11073825503356,0,4.63220307578284e-05,0.9565,147
"244","Williamson",17903.0113314448,0.0742189723873461,6.12869884076815,24.4468630616285,14,12,189.0580088,1,547604,85358,3.22172497012582,2.1913645627132e-05,2.55659198983207e-05,0.0395,2750
"245","Wilson",76.3260972854528,0.00362333707184897,1.22018180708926,39.6823460028878,4,1,23.62198084,1,49173,8591,3.52694680479572,2.03363634514876e-05,8.13454538059504e-05,0.2055,303
"246","Winkler",10.8498583569405,0.00309411031566248,2.24990466505657,60.963518494979,0,1,3.610576923,0,7867,1043,6.32790028763183,0.0001271132579128,0,0.581,66
"247","Wise",1578.05738075152,0.0526894232696952,1.27470206667672,19.3422839040579,4,2,28.30040833,1,66290,11597,5.21686643097353,3.01704631166088e-05,6.03409262332177e-05,0.253,605
"248","Wood",126.258014983873,0.00571161739276941,4.92268854528242,9.99639363476536,5,2,26.5478524,0,44366,15333,4.9240200873932,4.50795654329892e-05,0.000112698913582473,0.249,755
"249","Yoakum",6.3626109353151,0.00181584539290386,0.440273432974163,66.4581160931526,1,1,4.167043902,0,8631,1233,6.81265206812652,0.000115861429730043,0.000115861429730043,0.4545,84
"250","Young",549.238446587734,0.0561395654173796,2.10135284985584,18.6626746506986,3,2,7.614818339,0,18036,4443,6.2120189061445,0.000110889332446219,0.000166333998669328,0.1779,276
"251","Zapata",1185.98411651771,0.196708963189604,0,94.3861856823266,1,0,5.53158728,0,14304,1972,4.20892494929006,0,6.9910514541387e-05,0.9842,83
"252","Zavala",398.487252124646,0.0833435136858446,0.332253509427693,93.8948417642661,0,0,3.582749011,0,12039,2044,4.64774951076321,0,0,0.996,95
